ADAM	ADAM@gmail.com	0134567890	AUG31	ADAM03	ADAM1234	
CHOOI	CHOOI@gmail.com	0123456789	MAR22	CHOOI03	CHOOI1234	
JAY	JAY@gmail.com	0101234567	MAY15	JAY03	JAY1234	
Lisoh	Lisoh@gmail.com	0101237896	JAN27	LISOH03	LISOH1234	
YYANG	YYANG@gmail.com	0134567890	JUL12	YYANG03	YYANG1234	
CCM	CCM@gmailcom	0167891234	JAN17	CCM03	CCM1234	
VI	VI@gmail.com	0122223456	JAN02	VI03	VI1234	
LING	Ling@gmail.com	0134456789	MAR23	LING03	LING1234	
YXIN	YXIN@gmail.com	01233445556	JUL24	YXIN03	YXIN1234	
